{
  "started_ist": "2026-07-09 13:50 IST",
  "balance": 1002.1001093946177,
  "in_position": true,
  "entry_price": 64051.83,
  "entry_time_ist": "11 Jul 03:45 IST",
  "btc": 0.01562949894304695,
  "cost_basis": 1002.1001093946177,
  "last_crossover_ts": 1783720800000,
  "num_trades": 3,
  "wins": 1,
  "last_trade_pct": 0.9682063378615213,
  "last_exit_ist": "10 Jul 20:00 IST"
}