{
  "started_ist": "2026-07-09 13:50 IST",
  "balance": 970.7140552094316,
  "in_position": true,
  "entry_price": 64635.43,
  "entry_time_ist": "16 Jul 19:45 IST",
  "btc": 0.015003278250863686,
  "cost_basis": 970.7140552094316,
  "last_crossover_ts": 1784210400000,
  "num_trades": 18,
  "wins": 2,
  "last_trade_pct": -0.863850807575739,
  "last_exit_ist": "16 Jul 13:00 IST"
}