{
  "started_ist": "2026-07-09 13:50 IST",
  "balance": 943.7643969445417,
  "in_position": false,
  "entry_price": null,
  "entry_time_ist": null,
  "btc": 0.0,
  "cost_basis": 0.0,
  "last_crossover_ts": 1784852100000,
  "num_trades": 35,
  "wins": 6,
  "last_trade_pct": -0.638592865301979,
  "last_exit_ist": "24 Jul 06:00 IST"
}