{
  "started_ist": "2026-07-09 13:50 IST",
  "balance": 987.3764119386225,
  "in_position": false,
  "entry_price": null,
  "entry_time_ist": null,
  "btc": 0.0,
  "cost_basis": 0.0,
  "last_crossover_ts": 1784108700000,
  "num_trades": 15,
  "wins": 2,
  "last_trade_pct": -0.4481645075641083,
  "last_exit_ist": "15 Jul 15:30 IST"
}