{
  "started_ist": "2026-07-09 13:50 IST",
  "balance": 979.172646019633,
  "in_position": false,
  "entry_price": null,
  "entry_time_ist": null,
  "btc": 0.0,
  "cost_basis": 0.0,
  "last_crossover_ts": 1784136600000,
  "num_trades": 17,
  "wins": 2,
  "last_trade_pct": -0.3865312716530678,
  "last_exit_ist": "15 Jul 23:15 IST"
}