{
  "started_ist": "2026-07-09 13:50 IST",
  "balance": 954.1194404693221,
  "in_position": false,
  "entry_price": null,
  "entry_time_ist": null,
  "btc": 0.0,
  "cost_basis": 0.0,
  "last_crossover_ts": 1784770200000,
  "num_trades": 33,
  "wins": 6,
  "last_trade_pct": -0.7011635894160761,
  "last_exit_ist": "23 Jul 07:15 IST"
}