{
  "started_ist": "2026-07-09 13:50 IST",
  "balance": 955.7471448886783,
  "in_position": false,
  "entry_price": null,
  "entry_time_ist": null,
  "btc": 0.0,
  "cost_basis": 0.0,
  "last_crossover_ts": 1784293200000,
  "num_trades": 20,
  "wins": 2,
  "last_trade_pct": -0.7039410687585956,
  "last_exit_ist": "17 Jul 18:45 IST"
}