{
  "started_ist": "2026-07-09 13:50 IST",
  "balance": 991.8214034472975,
  "in_position": false,
  "entry_price": null,
  "entry_time_ist": null,
  "btc": 0.0,
  "cost_basis": 0.0,
  "last_crossover_ts": 1784100600000,
  "num_trades": 14,
  "wins": 2,
  "last_trade_pct": -0.713237530868871,
  "last_exit_ist": "15 Jul 13:15 IST"
}