{
  "started_ist": "2026-07-09 13:50 IST",
  "balance": 1001.3174474503834,
  "in_position": true,
  "entry_price": 64210.0,
  "entry_time_ist": "11 Jul 16:45 IST",
  "btc": 0.015578821523172918,
  "cost_basis": 1001.3174474503834,
  "last_crossover_ts": 1783767600000,
  "num_trades": 4,
  "wins": 1,
  "last_trade_pct": -0.07810217131970498,
  "last_exit_ist": "11 Jul 16:15 IST"
}