{
  "started_ist": "2026-07-09 13:50 IST",
  "balance": 960.6298747361631,
  "in_position": false,
  "entry_price": null,
  "entry_time_ist": null,
  "btc": 0.0,
  "cost_basis": 0.0,
  "last_crossover_ts": 1784438100000,
  "num_trades": 26,
  "wins": 4,
  "last_trade_pct": -0.3231060067135805,
  "last_exit_ist": "19 Jul 11:00 IST"
}