{
  "started_ist": "2026-07-09 13:50 IST",
  "balance": 992.4907510403555,
  "in_position": false,
  "entry_price": null,
  "entry_time_ist": null,
  "btc": 0.0,
  "cost_basis": 0.0,
  "last_crossover_ts": 1783643400000,
  "num_trades": 2,
  "wins": 0,
  "last_trade_pct": -0.16538133877005423,
  "last_exit_ist": "10 Jul 06:15 IST"
}