{
  "started_ist": "2026-07-09 13:50 IST",
  "balance": 960.3208066987761,
  "in_position": true,
  "entry_price": 65354.01,
  "entry_time_ist": "21 Jul 06:00 IST",
  "btc": 0.014679443325544635,
  "cost_basis": 960.3208066987761,
  "last_crossover_ts": 1784592900000,
  "num_trades": 29,
  "wins": 5,
  "last_trade_pct": 0.9741639330764995,
  "last_exit_ist": "21 Jul 04:30 IST"
}