{
  "started_ist": "2026-07-09 13:50 IST",
  "balance": 966.2269355177316,
  "in_position": false,
  "entry_price": null,
  "entry_time_ist": null,
  "btc": 0.0,
  "cost_basis": 0.0,
  "last_crossover_ts": 1784687400000,
  "num_trades": 31,
  "wins": 6,
  "last_trade_pct": -0.48376789338506754,
  "last_exit_ist": "22 Jul 08:15 IST"
}