{
  "started_ist": "2026-07-09 13:50 IST",
  "balance": 970.9239538757674,
  "in_position": false,
  "entry_price": null,
  "entry_time_ist": null,
  "btc": 0.0,
  "cost_basis": 0.0,
  "last_crossover_ts": 1784655900000,
  "num_trades": 30,
  "wins": 6,
  "last_trade_pct": 1.1041255279515383,
  "last_exit_ist": "21 Jul 23:30 IST"
}