{
  "started_ist": "2026-07-09 13:50 IST",
  "balance": 991.8214034472975,
  "in_position": true,
  "entry_price": 64833.11,
  "entry_time_ist": "15 Jul 15:00 IST",
  "btc": 0.015282771134129618,
  "cost_basis": 991.8214034472975,
  "last_crossover_ts": 1784106900000,
  "num_trades": 14,
  "wins": 2,
  "last_trade_pct": -0.713237530868871,
  "last_exit_ist": "15 Jul 13:15 IST"
}