{
  "started_ist": "2026-07-09 13:50 IST",
  "balance": 983.9183714225944,
  "in_position": false,
  "entry_price": null,
  "entry_time_ist": null,
  "btc": 0.0,
  "cost_basis": 0.0,
  "last_crossover_ts": 1783831500000,
  "num_trades": 9,
  "wins": 1,
  "last_trade_pct": -0.47105446756013913,
  "last_exit_ist": "12 Jul 10:30 IST"
}