{
  "started_ist": "2026-07-09 13:50 IST",
  "balance": 941.2894096191262,
  "in_position": false,
  "entry_price": null,
  "entry_time_ist": null,
  "btc": 0.0,
  "cost_basis": 0.0,
  "last_crossover_ts": 1784883600000,
  "num_trades": 36,
  "wins": 6,
  "last_trade_pct": -0.2622463120486751,
  "last_exit_ist": "24 Jul 14:45 IST"
}