{
  "started_ist": "2026-07-09 13:50 IST",
  "balance": 973.2451530188843,
  "in_position": true,
  "entry_price": 62436.61,
  "entry_time_ist": "14 Jul 05:45 IST",
  "btc": 0.01557214441760796,
  "cost_basis": 973.2451530188843,
  "last_crossover_ts": 1783987200000,
  "num_trades": 11,
  "wins": 1,
  "last_trade_pct": -0.7352874407838272,
  "last_exit_ist": "13 Jul 16:30 IST"
}