{
  "started_ist": "2026-07-09 13:50 IST",
  "balance": 949.8299431942822,
  "in_position": false,
  "entry_price": null,
  "entry_time_ist": null,
  "btc": 0.0,
  "cost_basis": 0.0,
  "last_crossover_ts": 1784806200000,
  "num_trades": 34,
  "wins": 6,
  "last_trade_pct": -0.4495765512261052,
  "last_exit_ist": "23 Jul 17:15 IST"
}