{
  "started_ist": "2026-07-09 13:50 IST",
  "balance": 992.8374043612865,
  "in_position": false,
  "entry_price": null,
  "entry_time_ist": null,
  "btc": 0.0,
  "cost_basis": 0.0,
  "last_crossover_ts": 1783787400000,
  "num_trades": 7,
  "wins": 1,
  "last_trade_pct": -0.34582518069369295,
  "last_exit_ist": "11 Jul 22:15 IST"
}