{
  "started_ist": "2026-07-09 13:50 IST",
  "balance": 970.7140552094316,
  "in_position": false,
  "entry_price": null,
  "entry_time_ist": null,
  "btc": 0.0,
  "cost_basis": 0.0,
  "last_crossover_ts": 1784186100000,
  "num_trades": 18,
  "wins": 2,
  "last_trade_pct": -0.863850807575739,
  "last_exit_ist": "16 Jul 13:00 IST"
}