{
  "started_ist": "2026-07-09 13:50 IST",
  "balance": 963.7437888071279,
  "in_position": false,
  "entry_price": null,
  "entry_time_ist": null,
  "btc": 0.0,
  "cost_basis": 0.0,
  "last_crossover_ts": 1784432700000,
  "num_trades": 25,
  "wins": 4,
  "last_trade_pct": 0.909184070911806,
  "last_exit_ist": "19 Jul 09:30 IST"
}