{
  "started_ist": "2026-07-09 13:50 IST",
  "balance": 960.6298747361631,
  "in_position": true,
  "entry_price": 64568.39,
  "entry_time_ist": "19 Jul 21:15 IST",
  "btc": 0.014862833731202325,
  "cost_basis": 960.6298747361631,
  "last_crossover_ts": 1784475000000,
  "num_trades": 26,
  "wins": 4,
  "last_trade_pct": -0.3231060067135805,
  "last_exit_ist": "19 Jul 11:00 IST"
}