{
  "started_ist": "2026-07-09 13:50 IST",
  "balance": 960.9619113768811,
  "in_position": true,
  "entry_price": 64017.84,
  "entry_time_ist": "18 Jul 09:30 IST",
  "btc": 0.014995834746462927,
  "cost_basis": 960.9619113768811,
  "last_crossover_ts": 1784346300000,
  "num_trades": 22,
  "wins": 3,
  "last_trade_pct": -0.3050029820753086,
  "last_exit_ist": "18 Jul 09:15 IST"
}