{
  "started_ist": "2026-07-09 13:50 IST",
  "balance": 943.7643969445417,
  "in_position": true,
  "entry_price": 65086.0,
  "entry_time_ist": "24 Jul 07:30 IST",
  "btc": 0.01448576702436157,
  "cost_basis": 943.7643969445417,
  "last_crossover_ts": 1784857500000,
  "num_trades": 35,
  "wins": 6,
  "last_trade_pct": -0.638592865301979,
  "last_exit_ist": "24 Jul 06:00 IST"
}