{
  "started_ist": "2026-07-09 13:50 IST",
  "balance": 962.5227377357398,
  "in_position": true,
  "entry_price": 63136.24,
  "entry_time_ist": "17 Jul 17:00 IST",
  "btc": 0.015229925237834945,
  "cost_basis": 962.5227377357398,
  "last_crossover_ts": 1784286900000,
  "num_trades": 19,
  "wins": 2,
  "last_trade_pct": -0.8438445317374699,
  "last_exit_ist": "16 Jul 23:00 IST"
}