{
  "started_ist": "2026-07-09 13:50 IST",
  "balance": 980.4543104260708,
  "in_position": false,
  "entry_price": null,
  "entry_time_ist": null,
  "btc": 0.0,
  "cost_basis": 0.0,
  "last_crossover_ts": 1783892700000,
  "num_trades": 10,
  "wins": 1,
  "last_trade_pct": -0.3520679252604131,
  "last_exit_ist": "13 Jul 03:30 IST"
}