{
  "started_ist": "2026-07-09 13:50 IST",
  "balance": 960.9619113768811,
  "in_position": false,
  "entry_price": null,
  "entry_time_ist": null,
  "btc": 0.0,
  "cost_basis": 0.0,
  "last_crossover_ts": 1784345400000,
  "num_trades": 22,
  "wins": 3,
  "last_trade_pct": -0.3050029820753086,
  "last_exit_ist": "18 Jul 09:15 IST"
}