{
  "started_ist": "2026-07-09 13:50 IST",
  "balance": 982.9721407352122,
  "in_position": false,
  "entry_price": null,
  "entry_time_ist": null,
  "btc": 0.0,
  "cost_basis": 0.0,
  "last_crossover_ts": 1784110500000,
  "num_trades": 16,
  "wins": 2,
  "last_trade_pct": -0.4460579724365643,
  "last_exit_ist": "15 Jul 16:00 IST"
}