{
  "started_ist": "2026-07-09 13:50 IST",
  "balance": 966.2269355177316,
  "in_position": true,
  "entry_price": 66009.4,
  "entry_time_ist": "22 Jul 21:15 IST",
  "btc": 0.014623079570215969,
  "cost_basis": 966.2269355177316,
  "last_crossover_ts": 1784734200000,
  "num_trades": 31,
  "wins": 6,
  "last_trade_pct": -0.48376789338506754,
  "last_exit_ist": "22 Jul 08:15 IST"
}