{
  "started_ist": "2026-07-09 13:50 IST",
  "balance": 963.7437888071279,
  "in_position": true,
  "entry_price": 64794.0,
  "entry_time_ist": "19 Jul 10:45 IST",
  "btc": 0.014859092586016,
  "cost_basis": 963.7437888071279,
  "last_crossover_ts": 1784437200000,
  "num_trades": 25,
  "wins": 4,
  "last_trade_pct": 0.909184070911806,
  "last_exit_ist": "19 Jul 09:30 IST"
}