{
  "started_ist": "2026-07-09 13:50 IST",
  "balance": 954.1194404693221,
  "in_position": true,
  "entry_price": 65721.56,
  "entry_time_ist": "23 Jul 15:45 IST",
  "btc": 0.014503084239461948,
  "cost_basis": 954.1194404693221,
  "last_crossover_ts": 1784800800000,
  "num_trades": 33,
  "wins": 6,
  "last_trade_pct": -0.7011635894160761,
  "last_exit_ist": "23 Jul 07:15 IST"
}