{
  "started_ist": "2026-07-09 13:50 IST",
  "balance": 998.946263109003,
  "in_position": true,
  "entry_price": 64944.06,
  "entry_time_ist": "15 Jul 11:30 IST",
  "btc": 0.015366260083614944,
  "cost_basis": 998.946263109003,
  "last_crossover_ts": 1784094300000,
  "num_trades": 13,
  "wins": 2,
  "last_trade_pct": -0.4708840325202801,
  "last_exit_ist": "15 Jul 11:00 IST"
}