{
  "started_ist": "2026-07-09 13:50 IST",
  "balance": 998.7843291346688,
  "in_position": true,
  "entry_price": 64214.25,
  "entry_time_ist": "11 Jul 17:45 IST",
  "btc": 0.015538381976049462,
  "cost_basis": 998.7843291346688,
  "last_crossover_ts": 1783771200000,
  "num_trades": 5,
  "wins": 1,
  "last_trade_pct": -0.25297854563151034,
  "last_exit_ist": "11 Jul 17:00 IST"
}