{
  "started_ist": "2026-07-09 13:50 IST",
  "balance": 1002.1001093946177,
  "in_position": false,
  "entry_price": null,
  "entry_time_ist": null,
  "btc": 0.0,
  "cost_basis": 0.0,
  "last_crossover_ts": 1783692900000,
  "num_trades": 3,
  "wins": 1,
  "last_trade_pct": 0.9682063378615213,
  "last_exit_ist": "10 Jul 20:00 IST"
}