{
  "started_ist": "2026-07-09 13:50 IST",
  "balance": 955.0605305953889,
  "in_position": true,
  "entry_price": 63995.0,
  "entry_time_ist": "18 Jul 15:45 IST",
  "btc": 0.014909062740288984,
  "cost_basis": 955.0605305953889,
  "last_crossover_ts": 1784368800000,
  "num_trades": 24,
  "wins": 3,
  "last_trade_pct": -0.27258007565118536,
  "last_exit_ist": "18 Jul 15:00 IST"
}