{
  "started_ist": "2026-07-09 13:50 IST",
  "balance": 960.8566172157338,
  "in_position": false,
  "entry_price": null,
  "entry_time_ist": null,
  "btc": 0.0,
  "cost_basis": 0.0,
  "last_crossover_ts": 1784745000000,
  "num_trades": 32,
  "wins": 6,
  "last_trade_pct": -0.555803000784727,
  "last_exit_ist": "23 Jul 00:15 IST"
}