{
  "started_ist": "2026-07-09 13:50 IST",
  "balance": 996.2828011586134,
  "in_position": true,
  "entry_price": 64239.93,
  "entry_time_ist": "11 Jul 19:15 IST",
  "btc": 0.015493269036212443,
  "cost_basis": 996.2828011586134,
  "last_crossover_ts": 1783776600000,
  "num_trades": 6,
  "wins": 1,
  "last_trade_pct": -0.25045727121316697,
  "last_exit_ist": "11 Jul 18:00 IST"
}