{
  "started_ist": "2026-07-09 13:50 IST",
  "balance": 988.5750985896882,
  "in_position": false,
  "entry_price": null,
  "entry_time_ist": null,
  "btc": 0.0,
  "cost_basis": 0.0,
  "last_crossover_ts": 1783809000000,
  "num_trades": 8,
  "wins": 1,
  "last_trade_pct": -0.42930551899788005,
  "last_exit_ist": "12 Jul 04:15 IST"
}