{
  "started_ist": "2026-07-09 13:50 IST",
  "balance": 982.9721407352122,
  "in_position": true,
  "entry_price": 65164.0,
  "entry_time_ist": "15 Jul 18:30 IST",
  "btc": 0.015069504152514838,
  "cost_basis": 982.9721407352122,
  "last_crossover_ts": 1784119500000,
  "num_trades": 16,
  "wins": 2,
  "last_trade_pct": -0.4460579724365643,
  "last_exit_ist": "15 Jul 16:00 IST"
}