{
  "started_ist": "2026-07-09 13:50 IST",
  "balance": 949.8299431942822,
  "in_position": true,
  "entry_price": 65168.0,
  "entry_time_ist": "24 Jul 02:00 IST",
  "btc": 0.01456052223869212,
  "cost_basis": 949.8299431942822,
  "last_crossover_ts": 1784837700000,
  "num_trades": 34,
  "wins": 6,
  "last_trade_pct": -0.4495765512261052,
  "last_exit_ist": "23 Jul 17:15 IST"
}