{
  "started_ist": "2026-07-09 13:50 IST",
  "balance": 980.4543104260708,
  "in_position": true,
  "entry_price": 63206.97,
  "entry_time_ist": "13 Jul 14:30 IST",
  "btc": 0.015496295046505864,
  "cost_basis": 980.4543104260708,
  "last_crossover_ts": 1783932300000,
  "num_trades": 10,
  "wins": 1,
  "last_trade_pct": -0.3520679252604131,
  "last_exit_ist": "13 Jul 03:30 IST"
}