{
  "started_ist": "2026-07-09 13:50 IST",
  "balance": 994.134864588592,
  "in_position": true,
  "entry_price": 63028.0,
  "entry_time_ist": "09 Jul 23:15 IST",
  "btc": 0.01575713539576067,
  "cost_basis": 994.134864588592,
  "last_crossover_ts": 1783618200000,
  "num_trades": 1,
  "wins": 0,
  "last_trade_pct": -0.5865135411407985,
  "last_exit_ist": "09 Jul 22:15 IST"
}