{
  "started_ist": "2026-07-09 13:50 IST",
  "balance": 998.7843291346688,
  "in_position": false,
  "entry_price": null,
  "entry_time_ist": null,
  "btc": 0.0,
  "cost_basis": 0.0,
  "last_crossover_ts": 1783768500000,
  "num_trades": 5,
  "wins": 1,
  "last_trade_pct": -0.25297854563151034,
  "last_exit_ist": "11 Jul 17:00 IST"
}