{
  "started_ist": "2026-07-09 13:50 IST",
  "balance": 998.946263109003,
  "in_position": false,
  "entry_price": null,
  "entry_time_ist": null,
  "btc": 0.0,
  "cost_basis": 0.0,
  "last_crossover_ts": 1784092500000,
  "num_trades": 13,
  "wins": 2,
  "last_trade_pct": -0.4708840325202801,
  "last_exit_ist": "15 Jul 11:00 IST"
}