{
  "started_ist": "2026-07-09 13:50 IST",
  "balance": 979.172646019633,
  "in_position": true,
  "entry_price": 64931.99,
  "entry_time_ist": "16 Jul 11:00 IST",
  "btc": 0.015064892872890749,
  "cost_basis": 979.172646019633,
  "last_crossover_ts": 1784178900000,
  "num_trades": 17,
  "wins": 2,
  "last_trade_pct": -0.3865312716530678,
  "last_exit_ist": "15 Jul 23:15 IST"
}