{
  "started_ist": "2026-07-09 13:50 IST",
  "balance": 957.6709507975622,
  "in_position": false,
  "entry_price": null,
  "entry_time_ist": null,
  "btc": 0.0,
  "cost_basis": 0.0,
  "last_crossover_ts": 1784350800000,
  "num_trades": 23,
  "wins": 3,
  "last_trade_pct": -0.3424652465781386,
  "last_exit_ist": "18 Jul 10:45 IST"
}