{
  "started_ist": "2026-07-09 13:50 IST",
  "balance": 963.9018407354029,
  "in_position": false,
  "entry_price": null,
  "entry_time_ist": null,
  "btc": 0.0,
  "cost_basis": 0.0,
  "last_crossover_ts": 1784335500000,
  "num_trades": 21,
  "wins": 3,
  "last_trade_pct": 0.8532273300878579,
  "last_exit_ist": "18 Jul 06:30 IST"
}