{
  "started_ist": "2026-07-09 13:50 IST",
  "balance": 1001.3174474503834,
  "in_position": false,
  "entry_price": null,
  "entry_time_ist": null,
  "btc": 0.0,
  "cost_basis": 0.0,
  "last_crossover_ts": 1783765800000,
  "num_trades": 4,
  "wins": 1,
  "last_trade_pct": -0.07810217131970498,
  "last_exit_ist": "11 Jul 16:15 IST"
}