{
  "started_ist": "2026-07-09 13:50 IST",
  "balance": 1003.6723961613404,
  "in_position": false,
  "entry_price": null,
  "entry_time_ist": null,
  "btc": 0.0,
  "cost_basis": 0.0,
  "last_crossover_ts": 1784081700000,
  "num_trades": 12,
  "wins": 2,
  "last_trade_pct": 3.1263698614963253,
  "last_exit_ist": "15 Jul 08:00 IST"
}