{
  "started_ist": "2026-07-09 13:50 IST",
  "balance": 956.2093257971403,
  "in_position": true,
  "entry_price": 64760.01,
  "entry_time_ist": "20 Jul 04:00 IST",
  "btc": 0.014750663510881843,
  "cost_basis": 956.2093257971403,
  "last_crossover_ts": 1784499300000,
  "num_trades": 27,
  "wins": 4,
  "last_trade_pct": -0.46017192003703355,
  "last_exit_ist": "20 Jul 00:00 IST"
}