{
  "started_ist": "2026-07-09 13:50 IST",
  "balance": 955.0605305953889,
  "in_position": false,
  "entry_price": null,
  "entry_time_ist": null,
  "btc": 0.0,
  "cost_basis": 0.0,
  "last_crossover_ts": 1784366100000,
  "num_trades": 24,
  "wins": 3,
  "last_trade_pct": -0.27258007565118536,
  "last_exit_ist": "18 Jul 15:00 IST"
}