{
  "started_ist": "2026-07-09 13:50 IST",
  "balance": 987.3764119386225,
  "in_position": true,
  "entry_price": 64796.0,
  "entry_time_ist": "15 Jul 15:45 IST",
  "btc": 0.015222992708295016,
  "cost_basis": 987.3764119386225,
  "last_crossover_ts": 1784109600000,
  "num_trades": 15,
  "wins": 2,
  "last_trade_pct": -0.4481645075641083,
  "last_exit_ist": "15 Jul 15:30 IST"
}