{
  "started_ist": "2026-07-09 13:50 IST",
  "balance": 956.2093257971403,
  "in_position": false,
  "entry_price": null,
  "entry_time_ist": null,
  "btc": 0.0,
  "cost_basis": 0.0,
  "last_crossover_ts": 1784484900000,
  "num_trades": 27,
  "wins": 4,
  "last_trade_pct": -0.46017192003703355,
  "last_exit_ist": "20 Jul 00:00 IST"
}