{
  "started_ist": "2026-07-09 13:50 IST",
  "balance": 983.9183714225944,
  "in_position": true,
  "entry_price": 64018.01,
  "entry_time_ist": "12 Jul 17:30 IST",
  "btc": 0.015354030108889229,
  "cost_basis": 983.9183714225944,
  "last_crossover_ts": 1783856700000,
  "num_trades": 9,
  "wins": 1,
  "last_trade_pct": -0.47105446756013913,
  "last_exit_ist": "12 Jul 10:30 IST"
}