{
  "started_ist": "2026-07-09 13:50 IST",
  "balance": 963.9018407354029,
  "in_position": true,
  "entry_price": 63999.39,
  "entry_time_ist": "18 Jul 08:00 IST",
  "btc": 0.015046048702880878,
  "cost_basis": 963.9018407354029,
  "last_crossover_ts": 1784340900000,
  "num_trades": 21,
  "wins": 3,
  "last_trade_pct": 0.8532273300878579,
  "last_exit_ist": "18 Jul 06:30 IST"
}