{
  "started_ist": "2026-07-09 13:50 IST",
  "balance": 992.4907510403555,
  "in_position": true,
  "entry_price": 63393.78,
  "entry_time_ist": "10 Jul 07:00 IST",
  "btc": 0.015640308249315865,
  "cost_basis": 992.4907510403555,
  "last_crossover_ts": 1783646100000,
  "num_trades": 2,
  "wins": 0,
  "last_trade_pct": -0.16538133877005423,
  "last_exit_ist": "10 Jul 06:15 IST"
}