{
  "started_ist": "2026-07-09 13:50 IST",
  "balance": 992.8374043612865,
  "in_position": true,
  "entry_price": 64359.51,
  "entry_time_ist": "11 Jul 23:15 IST",
  "btc": 0.015411002460350076,
  "cost_basis": 992.8374043612865,
  "last_crossover_ts": 1783791000000,
  "num_trades": 7,
  "wins": 1,
  "last_trade_pct": -0.34582518069369295,
  "last_exit_ist": "11 Jul 22:15 IST"
}