{
  "started_ist": "2026-07-09 13:50 IST",
  "balance": 962.5227377357398,
  "in_position": false,
  "entry_price": null,
  "entry_time_ist": null,
  "btc": 0.0,
  "cost_basis": 0.0,
  "last_crossover_ts": 1784222100000,
  "num_trades": 19,
  "wins": 2,
  "last_trade_pct": -0.8438445317374699,
  "last_exit_ist": "16 Jul 23:00 IST"
}