{
  "started_ist": "2026-07-09 13:50 IST",
  "balance": 996.2828011586134,
  "in_position": false,
  "entry_price": null,
  "entry_time_ist": null,
  "btc": 0.0,
  "cost_basis": 0.0,
  "last_crossover_ts": 1783772100000,
  "num_trades": 6,
  "wins": 1,
  "last_trade_pct": -0.25045727121316697,
  "last_exit_ist": "11 Jul 18:00 IST"
}